﻿<?xml version="1.0" encoding="UTF-8" standalone="yes"?>
<addon id="liveOne.repository" name="liveOne repository" version="0.0.2" provider-name="caiodamm">
	<extension point="xbmc.addon.repository" name="liveOne Add-on Repository">
		<info compressed="false">http://raw.github.com/caiodamm/liveOne.repository/master/addons.xml</info>
		<checksum>http://raw.github.com/caiodamm/liveOne.repository/master/addons.xml.md5</checksum>
		<datadir zip="true">http://raw.github.com/caiodamm/liveOne.repository/master/repo/</datadir>
	</extension>
	<extension point="xbmc.addon.metadata">
		<summary>liveOne Addon</summary>
		<description>Addon Description</description>
		<disclaimer></disclaimer>
		<platform>all</platform>
	</extension>
</addon>